날짜,조회수
2025-03-30,258669
2025-03-31,405960
2025-04-01,371387
2025-04-02,420258
2025-04-03,289657
2025-04-04,197863
2025-04-05,177847
2025-04-06,239248
2025-04-07,139079
2025-04-08,119363
2025-04-09,98787
2025-04-10,123246
2025-04-11,106667
2025-04-12,96446
2025-04-13,78538
2025-04-14,101604
2025-04-15,89570
2025-04-16,96245
2025-04-17,77044
2025-04-18,68263
2025-04-19,98627
2025-04-20,72113
2025-04-21,119634
2025-04-22,98984
2025-04-23,107757
2025-04-24,96895
2025-04-25,64905
2025-04-26,91380
2025-04-27,91419
2025-04-28,69168
2025-04-29,56037
2025-04-30,55678
2025-05-01,522988
2025-05-02,176538
2025-05-03,168508
2025-05-04,144114
2025-05-05,97104
2025-05-06,113297
2025-05-07,76979
2025-05-08,92036
2025-05-09,94477
2025-05-10,104667
2025-05-11,67660
2025-05-12,61040
2025-05-13,95250
2025-05-14,73469
2025-05-15,96897
2025-05-16,68553
2025-05-17,91362
2025-05-18,64722
2025-05-19,82769
2025-05-20,100974
2025-05-21,88085
2025-05-22,81081
2025-05-23,79693
2025-05-24,146125
2025-05-25,116384
2025-05-26,109944
2025-05-27,234493
2025-05-28,164477
2025-05-29,149130
2025-05-30,124422
2025-05-31,103654
2025-06-01,110924
2025-06-02,185066
2025-06-03,108952
2025-06-04,104412
2025-06-05,92023
2025-06-06,65418
2025-06-07,99346
2025-06-08,91339
2025-06-09,85948
2025-06-10,80789
2025-06-11,81494
2025-06-12,78507
2025-06-13,85520
2025-06-14,76714
2025-06-15,96188
2025-06-16,95127
2025-06-17,96604
2025-06-18,83724
2025-06-19,77790
2025-06-20,87097
2025-06-21,86431
2025-06-22,77466
2025-06-23,91611
2025-06-24,85557
2025-06-25,59694
2025-06-26,79752
2025-06-27,67204
