콘텐츠,동영상 제목,동영상 게시 시간,길이,조회수,시청 시간(단위: 시간),구독자,예상 수익 (KRW),노출수,노출 클릭률 (%)
합계,,,,10799927,498099.6805,802,12564683.991,86067060,5.57
mo3sIjjV2JQ,라떼의 군대리아 교본,"Feb 3, 2023",54,2419272,19180.9885,1130,365464.256,1626463,8.23
qyyatcs_erg,누가 범인일까요?,"May 1, 2025",28,900401,3454.6633,404,105765.74,360915,8.23
onKX58reXbs,키티그림자 만드는 방법,"May 27, 2025",22,209922,623.8435,2,19334.196,100648,5.11
FdPYXhlk3t8,치킨 더 맛있게 먹는 방법 #치킨,"May 24, 2025",22,139099,428.2478,9,13726.103,209639,5.7
6dcaG1CS6G0,1시간 숙성 짜장면 먹방입니다!!,"Apr 6, 2025",730,124283,8074.5227,100,251828.816,1467531,7.34
osrgux5U93o,저속노화 콰삭킹 먹방입니다!!,"Apr 2, 2025",942,112248,8745.9396,116,241823.311,1495829,6.45
etcGWVoMegM,탕수육소짜 도전먹방,"May 30, 2025",788,108139,7835.5191,83,222873.184,1423380,6.72
FGpLblFtzzA,도쿄 8일 브이로그,"Apr 21, 2025",1922,107162,18143.1606,98,321523.429,1826157,4.72
EW-JlLcTfFg,배달 잔치국수 먹방입니다!,"Apr 27, 2025",748,90980,7108.5067,67,207437.449,1149179,6.91
btiOswdMZdI,라면풀코스,"Feb 3, 2025",59,89544,646.2415,48,15688.859,640840,7.14
OS2L9C6j1k4,편의점 크릴브륄레,"Apr 11, 2025",59,81276,454.6947,7,9655.504,238927,3.68
ua5545jFqgk,삥빵뽕빵삥빵 야옹,"Jun 2, 2025",11,76205,136.3674,3,6497.672,171655,7.71
p41w5K49eok,폭삭 쏟았수다 #왓츠인마이백,"May 29, 2025",34,74427,268.0581,1,7083.506,154523,5.7
jc4gL24sDrM,윤남노 선생님의 프랭크버거 4종 먹방입니다!!,"May 2, 2025",829,72689,6139.7112,22,171002.093,1068553,5.83
MAeNiOB-270,상남자의 홍콩 브이로그,"May 10, 2025",1870,69910,12833.125,43,221982.287,1276567,4.3
ycWajaDuDFk,이렇게 먹으면 배불러서 아무것도 못 먹는 다이어트 먹방,"Nov 24, 2024",1025,69882,4508.2235,151,111165.411,1276289,4.93
YVw1fOnKrEg,건더기 없어서 살 안쪄 이치란 라멘 먹방,"May 6, 2025",1030,67227,7273.5691,32,158645.038,1084676,4.99
WIvBATViqa8,죽다이어트 브이로그,"Apr 8, 2025",1544,66825,9517.6206,47,181502.21,1127779,5.05
L6IxaW849Mg,막내는 싸가지가 없어 한솥 도시락 먹방,"Apr 4, 2025",654,66251,5155.3254,33,157887.157,873011,6.38
59nEtjgnFU8,인생실수 땡쇼크 먹방,"Apr 10, 2025",513,64022,3741.1876,39,138431.258,709589,7.48
KQ17L6_HK0w,어쩔 수가 없었어요 교촌반반치킨 먹방,"Apr 19, 2025",1187,62112,6337.4919,22,149812.288,974404,5.22
LnE0TyX-xho,행복먹방 불족발,"May 25, 2025",911,61736,5377.9762,30,139773.193,682780,7.61
1y-DKHuzpJw,파닭에 치맥,"Apr 24, 2025",829,60287,5414.8187,36,149053.21,804158,6.26
wNyDI6L0c4U,짜,"Jun 1, 2025",602,59258,3839.8916,17,114743.028,661104,7.88
UzhVQNd99I4,돼지목살김치찜 먹방,"Apr 16, 2025",561,58390,3469.1224,25,124085.936,739653,6.73
2t5iR1ugYyg,그렇게 맵지 않은데 한입만 드셔봐주세요 마라치킨 먹방,"May 20, 2025",731,58380,4634.6642,19,138333.72,741398,6.77
N-8PnBaeCWI,일하는 날 망고치킨 먹방,"Jun 15, 2025",815,58278,5118.6499,23,136564.233,824231,6.2
KbbaYLeWdHk,라유 먹방입니다!!,"May 17, 2025",770,57614,4560.5047,33,143328.686,757783,6.63
DtV0okXx16o,전 괜찮아요 쯔란먹방,"Jun 7, 2025",872,55438,4528.9727,29,121264.691,820324,5.79
Ja9cpUva90Y,내 몸에는 치킨이 돌고있다 꽁김당 먹방,"May 13, 2025",716,53627,4212.7187,22,125076.177,746412,5.98
aDHr0c1ap5w,이거 사지마세요,"May 15, 2025",708,53496,3618.0444,12,117953.103,551404,8.35
xP52YrjpzLc,배부름 #포켓몬댄스,"Apr 26, 2025",19,53483,107.5878,0,5624.944,184264,5.9
ajfOQ3jpfsA,재밌다 야자치킨 먹방,"May 28, 2025",783,52245,4228.5394,23,110982.115,771598,5.71
3ZsJDipDwpg,김치찌개는 살안찜 당돼김 먹방,"May 21, 2025",702,50391,3785.1254,28,115333.581,613724,7.02
Uj8cekKoHT4,가성비인가 교촌의 마라치킨,"Jun 4, 2025",441,49481,2299.9471,16,91187.553,662994,6.65
fYe1F7R10NY,콘치즈불닭,"May 29, 2025",397,49418,2459.0681,18,93118.097,582073,7.46
w6PvESFU5R4,1인 1감자탕 도전 먹방,"Feb 13, 2025",1177,48564,5512.7774,74,105701.782,683938,5.07
9Gm_P9Ukufk,배달시켜먹기 아까운 음식 생선구이 먹방,"Jun 11, 2025",831,48361,4436.1515,16,122400.529,629100,6.52
ctpUBW3qpXk,라면 강제로 3봉 먹은 날,"Jun 17, 2025",821,47702,4729.0259,5,128449.319,639916,6.44
0kkJwxeNsUw,빈그릇증후궁 치료 자라용봉탕 먹방,"Apr 14, 2025",942,47605,4218.581,3,102133.76,668528,6.13
tgU0KZWBBGc,김이 매워봤자 김이지,"May 31, 2025",668,47166,3602.3822,24,95757.101,659095,6.17
wl_rdSQ9Lps,연어깍두기,"May 26, 2025",447,46893,2581.0081,26,89815.977,567548,7.13
S4BgWbfldrk,조금 맵네요 아매주꾸미 먹방,"May 23, 2025",809,45693,4559.8357,15,122080.147,607010,6.26
0PGRWFzLsNw,팔도 3배 매운맛,"Jun 20, 2025",393,45639,2511.2972,28,92219.531,592460,6.86
gDMKd6ASss0,요즘 육회칼빔면 유행한다는데,"Jun 23, 2025",807,45598,4121.0956,18,107931.584,524459,7.67
gULjOv8Vg0o,급식의 곱창부속전골에 술먹방입니다,"Jun 3, 2025",969,41902,3771.6327,16,94075.998,639233,5.48
ypcl1zFxo9M,저속노화 치즈닭갈비 먹방입니다!!,"Mar 31, 2025",582,41721,2845.6431,30,103894.77,620939,5.64
QDVMY0GBBO8,반반냉면 먹방,"Jun 5, 2025",643,41557,3253.8445,22,103324.133,648842,5.47
sp270q_CHwE,일본 러브호텔에서 한식 먹기 #불닭볶음면,"Jun 2, 2025",60,40449,218.1056,0,4232.577,174611,5.25
m-tIwcDejBQ,요즘 소식이 인기라던데 과카몰리 베토디 먹방,"May 19, 2025",725,38768,3370.6599,14,101548.849,528926,6.24
jDsUAsDQZWE,무슨 떡볶이인지 맞추는 먹방,"Jun 21, 2025",675,38455,3187.4768,13,93806.608,521311,6.54
Zrb5CHNXJxI,롯데리아 치킨 처음 먹어봄 간짬뽕X 먹방,"Sep 16, 2023",1236,36958,4596.2489,33,86379.383,582317,4.08
khFdwBtHDlM,프로틴피자는 다이어트다,"Jun 9, 2025",665,36210,2748.4494,8,84605.458,468111,6.63
6l-lFXtWJMA,지코바치밥 두 공기 도전 먹방입니다!!,"Apr 4, 2023",771,34919,2042.0702,78,54769.815,580631,5.39
H6L_aJ2ejeo,페리카나가 치킨무 맛집이라 하던데,"Feb 19, 2025",856,34909,2293.0516,40,58340.274,634624,4.76
hYjWpyamtUY,요거트는 살 안쪄 저당 생요거트 아이스크림 라라스윗 신메뉴,"Jun 13, 2025",58,33857,162.4369,0,4341.832,146664,4.22
KIes1R3ICYc,신메뉴탐방기 짱구라면,"May 8, 2025",437,33724,1960.7616,2,74791.741,521004,5.57
3KWHZcR1F-8,고양이 손맛,"Nov 3, 2024",14,33545,71.9455,3,3076.038,45640,3.01
6Y0zVpCohPg,두찜 아주매운맛 풀코스 먹방입니다,"Feb 23, 2025",723,33152,2252.0887,85,61299.698,481772,5.87
t_88Y5YDm6c,우리집 고양이가 사람이 된다면 #cat #챗gpt,"Apr 23, 2025",44,33020,138.6282,4,3500.204,133954,3.85
50bfJmEsohk,취두부 100그람 도전 먹방,"Apr 12, 2025",506,31711,2074.424,12,63852.695,490739,5.28
FJJshybw59U,신메뉴탐방기 뒷고기,"Jun 12, 2025",356,31360,1549.6681,7,56523.813,379364,7.13
dkqcGibu8-8,기영이원피스 먹방,"Jun 26, 2025",733,30936,2753.2013,2,69163.921,354378,7.71
iW-ZgPf1UcE,기어 세컨드 곱도리탕 풀코스 먹방입니다!!,"Jan 10, 2024",1042,30809,3866.2131,25,71899.864,357451,4.92
6ctc_MphJEc,말라꺵이의 핫소스 비빔면 먹방,"Jun 19, 2025",792,29524,2911.141,7,79689.523,394699,6.34
5qMBy2WLsTI,국산 건더기 가득 컵라면,"Jun 24, 2025",440,29077,1724.0183,8,59704.813,363813,7.07
D5F0kRzwiUc,맥도날드 신메뉴 핫도그 이대로 괜찮은가,"Jun 14, 2025",274,29014,1065.0092,9,47937.487,317124,7.68
sTk3lAcn_AA,신메뉴탐방기 맵소디 귀엽네요,"May 22, 2025",479,28709,1831.8176,5,64242.64,433370,5.71
0RYnHtUusuw,신메뉴탐방기 버거킹 오리지널스,"Jun 18, 2025",350,28342,1344.5527,16,56022.312,421630,5.75
gAafG8nJgy8,한국에 없는 한국 라면,"Jun 8, 2025",296,28200,1189.3459,3,49741.644,433857,5.62
0uevJQgnAYs,인싸,"Jul 25, 2023",42,27788,153.6909,13,3698.155,123549,4.65
Sy-bcHcZ4js,맹구는 맵찔이다,"Jun 16, 2025",317,27636,1382.5838,5,61675.167,366542,6.51
80brsd0lujQ,소고기풀고스 먹방입니다!!,"Feb 17, 2025",984,27504,2894.883,22,62522.936,442265,4.49
tUbWaxdAy1Q,갬성 마 주긋다,"Nov 13, 2024",21,26807,64.9577,15,3316.707,92977,3.33
QwFhxx7DCnE,동근이 좀 치네 아주매운맛 먹방,"Oct 5, 2024",750,26131,2021.2016,32,49771.265,443380,4.56
FOokmICdDI0,터미널,"Feb 12, 2025",23,26090,68.0592,7,3148.923,144529,3.63
sdtygQO4zTA,소주는 치료제다 칼국수 먹방,"Jan 29, 2025",1098,25258,3544.1779,13,66128.923,334190,4.11
s0G_nBIHJ3Q,요로결석 썰,"Jan 30, 2024",56,25219,199.539,6,3088.584,22541,7.89
RBr6PTTFGfc,흰국물 라면은 건강식이다,"Jun 10, 2025",457,24792,1555.9832,4,57107.171,360050,5.72
DAcOoDeCG-U,닭갈비는 비싼 음식인가 닭갈비 먹방입니다,"Sep 24, 2023",1147,23899,3727.8681,7,63204.601,245524,4.26
lWhUu-9wnFI,살 안 찌는 닭볶음탕,"Sep 21, 2024",988,23719,2547.5564,18,51303.51,259332,6.25
INifnI3A7zI,노바시새우라면 먹방입니다!!,"Mar 10, 2025",1026,23675,2351.7542,21,51342.877,375426,4.39
Vxx9_kvK7Oc,저속노화 배달삼겹살 먹방입니다!!,"Mar 27, 2025",811,23417,1979.9212,17,49064.787,413926,4.15
BYIOxwuSeqY,냥터스텔라,"Nov 8, 2024",14,23326,40.971,4,1942.535,82482,3.93
FWmZiEhdLZE,저속노화 에드워드리 버거 먹방입니다!!,"Mar 29, 2025",720,22801,1805.5368,18,54587.715,392182,4.63
2lOXa0Zvchc,짜파게티vs불닭볶음면,"Nov 11, 2024",54,22685,101.5988,9,2980.139,120641,2.28
s_PtPTllOnQ,하삼동vs봄봄vs이디야 1인 컵빙수,"Jun 22, 2025",325,21700,1029.7505,0,44791.576,291968,6.42
mGbHrFEACSo,바밤바 삼행시,"Nov 22, 2021",27,20767,66.994,20,2446.996,55187,6.88
ciBVJOheUuM,극락,"Apr 9, 2023",46,20421,138.4696,11,3186.395,102091,5.44
oE6en01iLJY,캠사이신짬뽕 먹방,"Jan 23, 2025",1020,19892,2180.1158,14,44851.594,286872,4.92
bA6qv9J5kFI,나는 나쁜남자,"Nov 9, 2024",21,19514,51.5102,3,1903.768,95047,0.9
7Te_eywy4uw,부대찌개에 밥 한공기만 먹었습니다,"Mar 23, 2025",606,19410,1158.1231,14,34625.998,244468,6.27
UISBVg5R_oQ,가스라이팅 순살아구찜 먹방입니다!!,"Jan 29, 2024",1265,18706,2682.2755,8,48431.892,181436,5.89
HeIwUnRPiGM,치킨이 매워봤자 치킨이지 디진다치밥,"May 28, 2024",710,18605,1534.8134,21,36201.886,250571,5.64
3KqDq7Aye3M,나는 초밥만 먹으려고 했었다,"Feb 20, 2024",1455,18275,3430.9241,10,58319.6,202352,4.68
aGe7KsMm-QY,친구들과 햄버거 안 먹는 이유,"Oct 20, 2024",36,18231,83.6514,1,2312.057,39964,2.74
wsZmsGv2XZE,도나쓰 맛있게 묵는 법,"Nov 7, 2024",25,18212,55.2651,10,2215.209,54383,1.64
97JyIc4uy8Y,행운버거 근본,"Apr 26, 2024",32,18162,82.6434,3,2582.609,37462,5.82
1QzXH5Awcjs,페리카나 신제품 홍단치킨,"Oct 15, 2024",60,18043,93.2993,5,2250.439,65332,4.34
XuBGZFeQpFU,고양이팔자 상팔자,"Aug 26, 2022",60,17693,119.3024,3,1924.804,18305,4.21
kD8oI_Qya1A,다이어트 제육먹방,"May 19, 2023",35,17378,83.9711,17,2494.406,106706,4.56
NQzeZTEv2pU,볼케이노치밥,"Jun 24, 2023",46,17288,103.2874,9,2354.914,78225,6.2
o-nSE8G-ju8,저당 골뱅이비빔면 만들어 먹기,"Jun 27, 2025",460,17010,1096.5112,4,,228937,6.47
hE63lSz7JrQ,점보냉면 안 먹은 이유,"Nov 5, 2024",21,16884,49.1906,6,1949.543,58338,1.75
2NWSCQmKNho,공짜 치킨 먹방입니다!!,"Dec 27, 2023",1060,16711,2357.1717,2,43239.376,154326,5.26
uOdJTIQglSE,택새시핫도그 먹방,"Dec 1, 2024",901,16609,1587.6738,6,38482.515,281662,4.87
D78wH71iY90,내 초글링 시절 치맥 먹방,"Dec 29, 2024",1440,16478,2925.3543,7,49188.53,215749,4.43
0JqH4gXXxBE,할맥 싹싹김치 했습니다,"Feb 4, 2025",1168,16107,2420.6157,8,44272.502,226977,4.24
D0HRNPHeMO8,소식,"Aug 15, 2023",49,15845,118.4062,11,2395.568,96416,8.38
Yo7UpHuuE-M,저는 기억이 잘 안 납니다 돼지불백 술먹방,"Sep 1, 2023",1293,15217,2692.0485,7,42401.631,140980,4.96
O5EQeWzMqbo,라면 풀코스 신라면 레드 먹방입니다!!,"Sep 5, 2023",941,14802,1672.8842,11,34313.939,160286,6.11
RLFJ0t3DH0k,[용사] 4500원?!?! 완전크닭 도시락 먹방입니다!!,"Apr 20, 2017",686,14391,402.8761,21,16866.13,110879,10.87
Gyn02ukUufw,치킨 박스 뒤집기,"Aug 29, 2023",14,14321,30.9447,0,1561.917,58416,2.96
ZHWdRO4fPwg,이게 잡채밥이다,"Sep 2, 2024",25,13850,49.113,3,1827.722,78885,5.72
PKtaKd2Lm5A,천국으로 가는 버튼 불닭볶음탕죽 먹방,"Jul 25, 2023",844,13660,1386.1079,3,29082.93,150654,6.69
c5JbW-b4NUw,인간 캣타워,"Feb 1, 2023",49,13599,76.9178,11,1749.304,35236,6.44
xxvVYbwUho0,짱구 퍼스널컬러,"Oct 2, 2024",23,13549,45.4611,1,1289.146,24910,2.63
zfR_pIK7TQ4,이거 다 먹으면 대식가 가능불가능 먹방입니다!!,"Dec 19, 2024",705,13545,1195.3894,13,28329.484,186636,6.34
eUKwFtCSm5U,바라세요 치맥먹방입니다!!,"Sep 11, 2023",892,13301,1612.9914,12,30412.334,122933,6.19
pEudGJrACyk,천칼로리 먹방,"Feb 24, 2023",39,12971,76.0656,2,1650.749,54133,7.75
zwyX_8IgLt0,서울에 안 파는 치킨,"Jun 13, 2024",1260,12692,1936.1163,5,34318.5,129711,5.8
SPrk4CV0t0w,소식좌가 되어버렸다 닭강정 밥 먹방입니다!!,"Oct 30, 2023",984,12625,1525.1887,5,28011.406,123286,6.96
24i2FYJwSbA,오랜만에 치킨 풀코스 먹방입니다!!,"Oct 3, 2024",884,12614,1119.4716,4,25223.722,164002,5.56
mOel0OOPScE,흐아아아아아아 송주불냉면 먹방,"May 31, 2022",924,12497,1083.1782,16,24666.211,183583,5.7
77PiFFJsxk8,미트파이피자 먹방입니다!!,"Mar 13, 2025",854,12400,1221.7932,14,28599.304,208860,3.73
Uops9lCvS08,건강 다이어트 애기 달달한 치킨,"Mar 25, 2025",873,12262,1044.128,4,27352.378,282618,3.29
MdBQMtPOVNg,이갈이치료,"Oct 6, 2024",28,12194,43.4706,2,1200.715,23371,1.93
4QVeHWVXBAU,신개념 먹방,"Mar 7, 2024",45,12128,73.9691,9,1664.518,49425,6.77
9JkVr3Dwq4Q,배달은 혜자,"Oct 8, 2024",31,11973,45.3375,3,1376.725,29252,2.68
PXoBK7fVK8o,바밤바 삼행시3,"Dec 6, 2021",29,11899,32.624,7,1082.965,36461,3.07
CTE_cvXQuLs,고양이쇼,"Mar 11, 2023",50,11654,84.0286,7,1611.646,59642,7.16
782-2l6Bjww,배 찢어진 사람의 깡돼후 먹방입니다!!,"Nov 6, 2023",1129,11411,1651.3554,6,30517.882,102763,6.47
rGZQK-Io5fM,조만간 뼈다귀로 뵙겠습니다 1인 떡볶이 먹방,"Jan 25, 2025",951,11335,1331.6486,3,28094.066,165570,4.57
vj0ISRVH4j8,나 정도면 나름... 양념돼지 먹방입니다!!,"Jul 3, 2023",979,11334,1454.8362,6,27750.524,106194,6.44
Ihpm3E30mBI,[용사] 찜질방 메뉴 먹방입니다!!,"Jul 30, 2017",603,11317,354.3471,14,15686.33,91300,10.08
NU66Gkgo0FQ,[용사] ASMR리츠 광고 따라잡기,"Jan 11, 2017",37,11263,78.5101,14,10333.072,84937,8.4
exIs2G8jVzA,제로비빔면? 먹방,"Mar 21, 2025",715,11206,911.9516,12,25016.886,230474,3.58
eEnmy8GKu1w,무탄수화물 다이어트라죽 먹방입니다!!,"Sep 22, 2023",1137,11134,1783.4835,7,32005.358,110089,4.91
TGf-VgycoYA,야외 먹방 일기 너머 떡볶이,"Mar 25, 2018",138,10998,218.851,17,10519.141,104643,8.46
3DOmF7GzAKg,나쁜 술 복분자맥주 먹방입니다!!,"Oct 23, 2023",1159,10933,1722.4764,6,29768.327,108928,4.94
WfIdSMszI58,야외먹방일기 캠핑,"May 27, 2022",59,10837,74.119,2,1318.442,20921,3.16
E32vAoBkKVU,그냥500만원vs재입대 5억,"Mar 20, 2023",36,10653,57.7124,2,1509.427,65030,4.89
HzFQ1jqlNsY,고양이 한입만,"Feb 4, 2023",58,10637,59.3984,0,1224.313,13731,5.5
lm4Hkshh8-s,함박스테이크먹방인데 라면을 곁들인,"Nov 16, 2024",911,10374,1208.3775,4,24505.233,130412,5.3
9eQ0jamvP-0,여자친구에게 사랑받는 방법,"Feb 1, 2023",27,10176,45.1273,2,1271.512,52372,4.03
4YKs4UarBfA,어른 장점,"Jul 26, 2024",30,9905,46.6397,1,1343.362,50330,8.02
ms-VUq3icaw,마라탕은 풀이라서 살 안 쪄,"Jan 13, 2025",754,9839,841.1507,8,20460.436,168704,4.96
Uof8UNG_ZQ0,스팸 구워서 먹방입니다!!,"Feb 25, 2025",765,9442,775.718,9,18342.906,137516,5.14
xY-g5Rwvjxw,4만원짜리 젤리 #스웨디시젤리,"Sep 26, 2024",56,9418,53.0357,3,1085.764,43703,3.05
ANi79ctT20k,저 양보다 질입니다 제육 먹방,"Feb 11, 2024",891,9257,1061.2793,5,21275.76,91164,5.78
QR9qSyDba0g,뒷먹방,"Mar 15, 2023",42,9134,53.7542,2,1337.217,34180,4.41
GcjEd8gu_z4,야스,"Oct 4, 2024",39,9065,36.5947,0,1283.029,23779,2.76
MIE-9or4IfA,추억의 간장계란밥,"Jul 15, 2023",56,8844,61.7457,2,1380.957,25580,2.6
06atSFIwoPE,캡사이신부대찌개 먹방인데 즐겨버렸다,"Nov 26, 2024",955,8773,913.3242,4,19721.14,128364,4.89
o4Ahzr1jEQo,요즘 애들은 쟁반노래방 모르나 쟁반짜장 먹방,"Dec 12, 2023",915,8725,864.215,4,18436.575,96876,7.24
Pqr_IlgrG2c,덜어 먹을 줄 아는 남자의 삼겹김치찜 먹방,"Nov 4, 2023",1040,8724,1249.7479,6,21837.281,83204,5.82
V4-eUTm25Tw,라떼는 엽떡에 교촌이 좋았는데,"Feb 6, 2025",722,8719,709.5174,9,20734.586,126616,5.42
wA79nHLy-OY,시래기는 소화가 안된다고 하던데 제로 찜닭 먹방입니다!!,"May 22, 2023",891,8635,853.8554,5,20041.864,96063,6.88
E_5pwDjWK0A,집에서 즉석떡볶이 풀코스 먹방,"Feb 21, 2025",819,8608,541.6494,4,14271.061,163097,3.65
OKTjGE_qG2Q,야외 먹방 일기 피시방,"Apr 22, 2018",178,8297,207.4428,10,9323.707,93283,7.13
gy9STpMijnA,성인용 컵떡볶이,"Aug 9, 2023",33,8122,42.0342,1,1264,58263,7.75
QsliB1ZkS7s,떡볶이 파티 먹방입니다!!,"Mar 17, 2025",1020,7936,1133.2343,2,22515.469,162817,2.66
kvoRTY7yFFo,집사!!도움!!!,"Apr 30, 2023",52,7866,50.9896,0,904.379,38394,4.29
FMjg3KjiOVs,죽었다 묵은지 김치찜 먹방입니다!!,"Jun 16, 2023",962,7764,718.2371,5,14517.874,93955,6.69
Ekg_Ta7ew3o,절식,"Sep 24, 2024",26,7730,31.2078,1,1123.293,16401,4.57
R9FUei5Q-3E,하나도 안 매운데요 매운 갈비찜,"Jun 29, 2024",819,7718,707.3514,1,16156.398,87253,5.33
bGrAPjpWxOk,냉김돈육비,"Nov 22, 2024",1045,7632,1027.2494,6,19997.242,117679,4.25
DfXOBmy4qsE,안다이어트 브이로그,"Aug 15, 2024",907,7630,960.0625,8,19098.895,114859,4.96
 -clFs-8hJwc,라떼 교회 특,"Sep 30, 2024",38,7572,28.2017,0,810.962,17002,0.99
BgpkCvnJY7k,배달시키기 아까운 음식 김치찌개 먹방입니다!!,"Dec 17, 2024",919,7515,689.4068,9,15688.595,118913,4.59
QNjLWA9YgT0,소통 가득 김밥 만들어 먹방입니다!!,"Jun 27, 2023",1079,7433,1225.5726,2,22415.817,65844,4.81
wKEXIKfebuE,당면가득 당면돼지김치찌개 먹방입니다!!,"May 20, 2023",873,7367,658.7034,4,14393.013,75460,7.11
yKOPMvjabzI,누가 대본유출했어 마트초밥 먹방입니다,"Oct 14, 2023",995,7170,971.0404,2,16778.341,64924,6.06
yVViJkd6CfA,다이어트 만두,"Jun 2, 2023",40,7150,34.6083,1,1044.599,3792,2.4
2rrxO6_pLvQ,야외먹방일기 간짬뽕,"May 20, 2022",60,7115,62.0162,4,1101.23,60262,5.03
abe_SxaAb2w,경주 가서 한 끼도 안 먹기,"Mar 22, 2024",1141,7077,1081.9343,1,18744.385,86976,5.22
aHVsCe9Bm-c,단백질은 살 안 찌는 거 아시죠 갑오징어구이 먹방,"Jun 8, 2023",1158,7070,1343.282,2,23238.725,47859,5.4
6op9HohJOIc,야외 먹방 일기 아웃백,"Aug 5, 2018",241,7012,209.932,5,9340.835,82640,6.75
azutFu0OCfs,아쉽지 않은 진도대파버거 먹방입니다!!,"Jul 18, 2023",1119,6924,1185.7819,2,19743.232,58376,4.83
34qNaqWS-uU,다이어트 컵라면,"Jun 8, 2023",22,6892,21.8474,4,837.69,14106,1.91
xXgLPOMamDA,덜어먹는 습관,"Jul 12, 2024",18,6892,19.41,2,880.641,35246,6.53
TXTaiLd1YbM,죄송합니다 새우탕봉지 먹방,"Mar 15, 2025",491,6861,328.0211,3,12084.194,145899,3.64
y6lIugXNgWY,밥 한 공기만 먹으려고 했었다 통스팸김치찌개,"Jun 15, 2024",854,6847,656.2216,6,15024.476,77135,7.27
2pJsWzCVhes,사람은 탄수화물을 먹어야 한다 새우소금구이 먹방,"Sep 30, 2023",1092,6845,1187.9616,1,20754.225,56382,5.36
 -uzi5XNgt2U,착하면 안되는 이유,"Sep 22, 2024",41,6793,37.7801,1,914.11,14555,0.91
UgqrG1FxEK4,몸에 나쁜음식 특,"Sep 20, 2024",22,6744,18.2486,1,772.504,14157,0.87
aoYfiOAJmUc,다이어트 라죽,"Jun 21, 2023",48,6690,41.1078,1,1007.604,40710,6.19
KfNEWCHNcFU,홀죽한 사람의 떡볶이 먹방입니다!!,"Oct 5, 2023",929,6682,747.7223,2,14355.936,80749,5.54
Jw0JwuEc-CQ,이거만 먹으면 얼마나 아쉬울까 먹태깡 먹방,"Feb 15, 2024",1162,6670,1266.0243,-1,20567.033,54859,4.36
P8E-xCugcec,몇 입 무니 없네 쌀국수 먹방입니다!!,"Oct 26, 2023",1103,6540,1002.0184,6,17612.118,59078,5.73
vyxv_LFVXlU,최저 못 받던 시절 특,"Sep 28, 2024",38,6502,22.5741,3,614.858,16400,0.99
dI3YhcRuDJE,날치알밥 가득 먹방입니다!!,"Mar 8, 2025",727,6456,526.8549,4,14123.602,120090,3.83
whfoy4BqDS4,후식 맛있게 먹는 방법 치맥 먹방입니다!!,"Apr 23, 2024",1100,6441,1018.3425,3,17990.564,70722,4.52
E6IBu3xeqWA,다이어트 식판에 짜장면,"May 30, 2023",42,6428,37.2379,2,971.33,15207,2.54
y-vYxE0kvUo,맛있는 반찬은 국그릇에,"May 22, 2023",29,6397,24.6763,0,785.866,9878,1.75
TZZnTn-s07U,이머전시춤,"Sep 18, 2024",19,6309,15.5509,2,796.164,17586,3.34
rVW2PV-jiBA,솔직히 먹는 양에 비해 말랐다 마라로제떡복이 먹방,"Feb 22, 2024",970,6273,862.5052,2,16640.633,53742,6.55
UB2XqqfM6Ck,탈모밥 먹방,"Feb 10, 2025",706,6249,449.8274,2,12456.062,95678,4.74
UIaBOAJwE8o,피부가 떨리는 매운맛 핵매운치킨 먹방,"Jul 12, 2022",695,6229,528.9608,5,13069.504,78035,6.38
f9H9FvqtTr0,크리스마스 특집 아웃백 먹방입니다!!,"Dec 25, 2024",979,6206,702.4433,2,14344.66,95979,4.77
oTE08tVGL8s,마라짜파게티 먹방입니다!!,"Feb 2, 2025",590,6199,434.3977,5,12214.114,115713,4.3
qNvBojUcwxM,하이라이스 만들어먹기,"Mar 19, 2025",509,6144,336.7431,3,11178.069,149645,3.21
V66VPHIg2PA,야외 먹방 일기 회전초밥,"May 6, 2018",332,6122,264.8511,7,8469.753,91560,4.89
E4EZjw66OT4,짜파게티 흔한 실수,"Mar 19, 2023",46,6120,33.0291,0,693.63,12758,2.01
rzR9Fz3vt48,잘 모르겠다 내슈빌치킨 먹방,"Jan 9, 2025",818,6074,536.2461,3,12845.742,103473,4.51
zu1XyTWyPec,이 남자의 채식방법,"Jan 28, 2023",46,6032,36.6518,2,945.893,17980,3.51
arVP6I7eHkc,소화제,"Jul 22, 2024",26,6006,25.8633,1,831.58,28281,8.47
vu5cMJdth2I,엄마가 적게 먹으라고 함 하하핫치킨 먹방,"Nov 8, 2023",839,5985,583.1341,3,12666.079,71172,6.14
i1W_xJVHzbE,고전명작 쇼킹핫치킨 먹방입니다!!,"Dec 1, 2022",744,5960,394.3405,7,11713.031,66892,7.29
JL6_SSFlz-I,재능의 영역,"Mar 13, 2024",29,5959,27.1017,1,923.128,42203,7.43
GC-tICOgeuU,룸서비스 특,"Jul 8, 2024",31,5898,29.0563,0,859.256,28042,8.68
3Bp55jFmmdo,위장경련맛 신길동짬뽕 5단계 먹방,"Sep 8, 2021",699,5871,449.7143,5,10990.136,64749,7.77
R0jqIKXRMZs,10키로 차이,"Jul 27, 2024",39,5857,32.1055,0,875.029,39835,5.87
g5sCEnc_Ulk,건강 참치죽,"Dec 13, 2023",49,5848,42.6284,1,940.395,34517,4.45
Yhb-40sdcl8,중화음식 짜장탕수육 먹방입니다!!,"Aug 18, 2023",730,5821,454.9103,3,11867.105,69554,6.97
q1wqlk6FTxk,롱쓰부대찌개 세끼,"Aug 9, 2024",60,5812,40.6235,3,745.484,34537,4.46
B8eifIBzryY,매운음식을 먹는 건 운동이다 디진다돈까스 먹방,"May 9, 2022",819,5802,551.471,6,12471.859,80785,5.69
q3RbiJrysZs,다이어트비빔면,"Sep 4, 2024",59,5703,39.3638,0,726.413,22867,5.43
wt5EUim0vEQ,큰일입니다 위가 늘었어요 열라짬뽕 먹방,"Sep 1, 2021",840,5688,562.7745,4,11019.824,69987,6.64
SzVrwD7Nrms,자극적인 황금올리브 먹방입니다!!,"Nov 9, 2023",684,5685,458.0017,2,11347.379,71754,6.41
skhMchNL68c,역시 추운 날에는 뜨끈한 골뱅이어묵탕 먹방,"Nov 23, 2023",1178,5683,1057.9507,3,18185.707,45822,5.2
SB6WzmCaWAo,삐끼삐끼춤,"Sep 14, 2024",15,5673,14.0324,1,538.204,12939,3.56
qpSZ7nvNLMg,맵찔이도 가볍게 먹을 수 있는 불족발 먹방,"Jun 28, 2022",794,5635,491.3597,5,13203.027,62852,7.07
VU6U2KxytCg,우울증치료제 사천짜파게티 먹방입니다!!,"Mar 9, 2023",672,5629,341.4714,9,10174.869,58325,8.61
66MLirjluLE,즐추,"Sep 16, 2024",12,5617,8.4594,0,481.728,15760,1.45
ekKVpUpZZys,저도 맵찔이 할래요 매운야끼소바 먹방,"Jun 7, 2022",817,5594,547.1575,0,12581.725,70950,6.3
Tpz0odTi1SQ,존예 알바생이 술 한잔 더 하자고 할때,"Apr 20, 2023",34,5544,29.3425,0,724.381,44180,4.75
MiabHumKGoM,요즘 핫하던데 홍콩반점 먹방,"Jul 13, 2024",756,5538,427.8549,3,10714.065,70717,6.46
QqAJ-WASQKI,다이어트라면,"Sep 10, 2024",59,5535,34.7278,1,647.759,21445,3.77
sUi2oLNe4k8,고양이 지능 테스트,"Jun 27, 2021",23,5444,18.2661,4,559.779,19570,7.04
oizkL3PpDvk,단발병 걸린 사람에게 보여주세요 (더 단발),"Feb 7, 2023",42,5432,32.3773,0,784.073,47632,4.78
kom6g-SsNko,나쁜남자의 곱도리탕 먹방,"May 30, 2022",978,5411,415.9226,6,9584.484,66638,6.93
5VcHsf3KTgA,하나도 안 매운데요 양지팔당오징어 먹방,"Feb 11, 2025",928,5395,483.9454,3,10678.585,104636,3.75
PRgFXgTXvEE,바밤바 삼행시2,"Nov 27, 2021",27,5377,12.4866,1,446.522,15450,3.17
_R3D-yY7m50,매운맛 못 먹으면 시키지못하는 불찜닭 먹방입니다!!,"Feb 21, 2023",838,5372,601.638,3,12424.278,56501,6.29
Ky-dihBOgsQ,별거 없네 팔당오징어,"Dec 11, 2024",853,5205,530.8666,5,12115.82,77992,4.97
yTrUpUIZgTM,1인분 돼지게티 먹방입니다!!,"Jan 4, 2022",688,5200,277.9963,6,8846.686,51276,9.06
2LX3zrAmKF0,죄송합니다 마라떡볶이 먹방,"Jul 21, 2023",969,5167,626.8183,2,12189.826,47181,7.49
uIOgDe8FIG8,몬스터헌터 고기먹방,"Mar 6, 2025",514,5115,228.8088,2,7133.483,100757,3.82
O1xs3OqK7dQ,밥 두공기 도전 먹방 곱도리탕먹방입니다!!,"May 17, 2023",875,5003,505.0385,5,12657.841,52675,7.08
5MS89aCoNWk,돌겠네 오므라이스 먹방,"Dec 23, 2023",887,4984,477.6419,5,10314.936,58374,6.13
sPdpkfG7aSI,[용사] 너무많아!! 홈플러스 셰프치킨 먹방,"Jan 6, 2017",2528,4953,252.9902,1,7917.145,48213,7.63
ycNNXtuZucE,서커스먹방,"Mar 16, 2023",43,4855,23.4667,0,594.584,16403,5.76
BOIA_Thtw9U,치킨 먹는데 옆에서 눈치 줌,"Mar 9, 2024",1389,4817,708.5882,1,12841.123,68400,6.07
7_YOZCVys_U,흰밥에 돼지갈비찜 먹방입니다!!,"Feb 8, 2025",706,4794,392.4912,1,8948.772,93713,3.93
XT_3SVxC9P4,나는 잘 모르겠다 찍먹 피자 먹방,"Jan 5, 2025",858,4781,480.0791,2,11113.979,80417,4.32
3yMb3LSqnog,다이하는 브이로그,"Sep 14, 2023",763,4761,532.456,3,10745.846,41470,7.62
awToU8IHe-Q,세 조각만 먹으려고 했었다 존스페이보릿 피자 먹방,"Nov 20, 2023",793,4753,390.7588,6,8926.49,59425,6.96
87f65TzYgc0,생존본능,"Jun 28, 2024",12,4699,11.3486,0,524.462,22552,5.87
pPoDQvR_JCA,이상한 거 쪽갈비 먹방입니다!!,"Sep 13, 2023",1015,4684,558.5694,5,11798.075,43775,6.71
8gGkM7aObE8,몇 입 무니 없네 고추장 비빔밥 먹방,"Dec 14, 2023",853,4665,389.0533,3,10242.431,51047,7.16
9aZ_3pMJpAU,치즈돈까스,"Jul 12, 2023",18,4659,11.8587,4,692.655,26591,4.26
tz6hBK0ag8c,감사합니다 숯불양념구이 먹방입니다!!,"Jul 24, 2023",796,4590,396.9768,3,9488.751,43261,8.32
W-2m8zgkMM8,선양이와 귀향했습니다,"Jun 18, 2024",1073,4579,602.8005,3,10998.501,59074,5.3
T5tVHBjOus8,초코우유,"Sep 8, 2024",54,4556,26.6937,1,491.347,15919,1.73
MIwNw2Q5HW0,매워서 우는 것이 아닙니다 미친만두 먹방...,"Oct 23, 2018",655,4440,253.4818,11,8018.043,54979,6.71
cMA3-eqB2hE,김밥천국 근황,"Jun 7, 2023",49,4427,25.123,0,803.958,31264,7.77
8ozn6hB1YZA,과유불급 어묵탕 먹방입니다!!,"Feb 13, 2024",892,4422,529.0834,1,11159.845,46621,5.44
oWuSJDdxoS0,야외 먹방 일기 9900원 무한리필 로봇치킨집,"May 26, 2019",238,4350,136.0541,2,5020.614,53881,6.52
0e2metj-GeQ,비빔면 3봉 도전 먹방입니다!!,"May 30, 2024",679,4286,262.3999,4,7418.913,42986,8.54
PFyTK9IBp-4,야외 먹방 일기 부대찌개,"Nov 18, 2018",229,4251,130.9906,1,4270.392,53853,6.34
dxY_abeYTl0,츤데레,"Jul 18, 2024",24,4244,15.7503,1,546.816,24421,5.9
VmM4ODB0Rvk,김치볶음밥을 조금만 하려고 했었다,"Sep 17, 2024",764,4166,413.9407,0,9604.212,49747,6.21
Nl0BDNkdElA,저 볶음밥 싫어합니다 팔당오징어 먹방,"Nov 11, 2021",711,4128,368.4981,1,9188.512,48952,6.59
OWe-5xEd-48,저는 홍어랑 안 맞는 거 같습니다,"Mar 2, 2023",53,4087,30.4421,0,573.481,31049,5.55
rkIHkCl5Fuc,[용사] 불닭틴트죽음의4호 핵불닭볶음면 먹방입니다.,"Feb 2, 2017",721,4062,134.5132,7,4904.072,43100,7.71
no8ZuR6j_LI,올해는 거짓말 안하려구요 별로 안매운 엽기닭볶음탕 먹방입니다!!,"Jan 7, 2022",897,4019,364.2609,1,8420.274,56581,5.67
qhyAbyHe4f0,짐승같은 남자의 맘스터치 햄버거 먹방입니다!!,"Nov 24, 2023",989,4015,474.5466,7,8986.975,43740,6.51
7bs_lm3xius,조절 들어갔습니다 볼케이노 치밥 먹방입니다!!,"May 23, 2023",584,3999,164.7198,6,6841.128,41334,8.25
jzoF8ywscOw,극뽁,"Sep 6, 2024",20,3968,10.8365,2,410.424,10618,1.1
00UXtF83LyA,야외 먹방 일기 찜질방,"May 13, 2018",169,3937,101.1339,2,4226.44,52207,5.81
2L6j_zd206Y,고깃집 미나리 특,"Mar 14, 2023",32,3930,15.5718,0,583.941,12779,3.97
cbe0oOLzSno,캡사이신 짜파게티 먹방입니다!!,"Nov 6, 2024",709,3914,333.0653,4,8232.632,50077,6.1
Tk0pJ1vfRPs,술도둑 알찜먹방,"Nov 10, 2024",878,3895,334.3229,0,7541.112,50588,6
zEJYVE7RyEQ,야외 먹방 일기 고기뷔페,"Oct 28, 2018",279,3892,149.4324,0,5508.796,44924,6.39
_JdpGqQQSQc,오모리점보도시락 다 먹기 성공 먹방,"Feb 26, 2024",984,3876,442.8759,0,8714.831,53729,5.14
ZPRT3pY-5tc,내가 사는 비빔면,"May 3, 2023",17,3875,10.3668,3,513.055,23249,3.3
Fyr6jXTIT98,선정적인 닭발 먹방입니다!!,"Jan 8, 2024",839,3874,435.9303,2,8330.455,43119,5.73
SsYjOoBHPLE,난 모르겠다 갈비족발 먹방,"Nov 18, 2024",748,3868,287.9907,3,7376.52,54413,5.68
Z8fbuwTo5Ug,대구 잡채밥무봤나,"Jun 9, 2024",815,3867,393.4739,0,9007.867,38432,6.76
7_LaT7cCwNM,불지옥 아니잖아?? 불지옥갈비찜 먹방,"Sep 16, 2022",615,3858,321.1892,1,7838.352,40926,7.06
uPvArgR5E-Y,새해 다이어트 다짐 9일차 피자는 맵습니다 쏘핫피자먹방,"Jan 19, 2023",661,3849,360.6879,0,9029.649,41515,6.49
_0IbGYLyQUo,캐비어 덮밥 먹방,"Feb 15, 2025",820,3841,357.09,6,8367.099,92354,2.82
bryRdGHayu4,김밥은 2줄이 1인분이다 스페셜 떡볶이 먹방입니다!!,"May 26, 2023",858,3820,448.3734,0,8620.946,31136,7.81
FUljWvdOnyU,다이어트술안주 모듬순대 먹방입니다,"Nov 20, 2024",977,3812,308.2904,0,7479.207,56847,4.7
iHRwOQ_5R1U,시청자분이 요청한 음식 먹는데 겸사겸사 다른것도 주문함 햄버거 먹방,"Oct 28, 2023",980,3810,458.229,1,9668.251,51018,4.78
B3RbKtjkRWQ,이게 러브야 맵소디치킨 먹방,"Dec 15, 2024",745,3774,319.282,1,7461.812,68517,4.3
kV4l2wo43ig,숨소리가득 매운쪽갈비 먹방,"Aug 16, 2022",824,3774,380.8731,1,8570.226,40062,6.61
dFG5x75qztk,야외 먹방 일기 편의점,"Jul 22, 2018",158,3760,87.4453,3,4406.18,48565,5.92
nSBP5q1R2DQ,다이어트 브이로그를 하려고 했다 일주일 브이로그,"Jan 27, 2022",679,3759,328.0423,4,8235.911,35844,8.53
68X-a8mErG8,건강에 좋은 치맥 먹방,"Feb 27, 2025",790,3736,204.7176,1,6114.724,80087,3.62
xpERPE733vM,요즘에 보기 힘든 떡튀순김 먹방입니다!!,"Feb 9, 2024",870,3728,408.6917,3,8444.305,39415,6.16
X8Gt3CDpTaY,서울배달물가 비교하는 척 이것저것 배달시켜먹기,"Feb 23, 2024",767,3720,435.116,0,9106.801,46719,5.29
WmCAXZzEn6w,야외 먹방 일기 참치,"May 12, 2019",338,3714,125.893,-1,4312.86,36367,6.56
Re1q8W5RKn8,충주오일장 시장 음식 먹방입니다!!,"Dec 20, 2024",749,3706,310.7674,4,7133.477,65978,3.97
CFYbMxrhaco,안 맵습니다 툴립닭발 먹방입니다,"Aug 18, 2021",731,3704,307.0348,2,6486.511,47417,6.41
 -n4_fI_-c94,소맥에 방어회 먹방입니다!!,"Jan 15, 2024",1195,3679,678.2096,4,11028.641,37687,4.52
8c-9GEii3oA,공기밥만 5개 시킨날 짜글이 먹방입니다,"Feb 23, 2022",695,3643,238.2941,4,6373.974,33625,9.4
_0-TduO1I9g,다른 의미로 매운 참치김치찌개 먹방입니다!!,"Dec 27, 2024",765,3599,287.2905,1,6491.77,63183,4.44
z9q9n-X8nUM,군대리아 교본,"Oct 3, 2020",336,3584,141.516,7,5799.854,26968,11.39
Zc5ZU1gG7OE,야외먹방일기 모둠초밥,"May 14, 2022",58,3581,27.4244,1,522.331,29793,4.17
NQu-0z3EPl8,천칼로리 다이어트 일주일 브이로그,"Mar 30, 2022",1087,3567,486.8268,1,9096.988,37652,6.92
 -jZW82X1eSM,비빔면 5봉지 도전 먹방입니다!!,"Apr 24, 2023",682,3565,300.136,2,7981.038,42774,6.68
1jD9gMKmg3g,조금 맵군요 D진다치킨 먹방입니다!!,"Jul 29, 2020",506,3533,152.0695,1,6299.399,32366,7.77
ELyJ8JgS6zU,상추도둑과 고추참치비빔밥 먹방입니다!!,"Apr 12, 2023",808,3531,292.4624,0,6458.764,41151,7.18
QdeS5Y9GZJ0,쉽다 미니점보라면 먹방,"Nov 2, 2024",610,3529,267.6494,2,6770.001,62489,4.54
NjINcAUJxv4,헬리콥터,"Aug 25, 2024",13,3510,5.9689,1,332.315,9855,2.7
d7jcds_ncPM,쁘띠해피 썬더치킨 먹방입니다!!,"Oct 25, 2022",924,3504,321.6666,3,7258.49,40719,6.84
0tI0wCIeT2k,과금이 혜자인 이유,"Aug 27, 2024",19,3486,9.7378,0,357.496,9606,0.74
3vSPLIIODB0,피지컬100,"Aug 14, 2024",12,3481,8.1619,1,309.172,9893,1.11
5nkveDzBef8,야외 먹방 일기 아비꼬카레,"Mar 4, 2018",166,3466,63.3562,2,3302.796,28498,6.73
 -OxVNucSGLw,일상 먹방 아닙니다 조선시대 밥상 먹방이에요,"Dec 2, 2024",826,3461,277.9919,0,6550.379,53537,5.28
EN-Z47awxWE,기강다지기 실비떡볶이 먹방,"Dec 27, 2022",515,3458,252.9584,0,6902.083,34177,7.29
5mfjq2siMVk,남자친구 선물 추천,"Oct 4, 2023",37,3448,20.9982,1,411.863,25009,4.03
GgxhU3wRLHw,말이 필요없다 형제닭발 먹방,"Jan 15, 2025",933,3409,292.7772,1,6411.053,66605,3.61
MHJMlfP039o,저탄고지인데 막국수 한 젓가락만... 족발 먹방입니다!!,"May 6, 2024",647,3372,238.0458,2,6489.977,39659,6.98
1touknV7BPY,도쿄 해리포터 보러 가서 한 끼도 안 먹기,"Aug 28, 2024",641,3365,332.0715,1,7637.801,44483,5.46
e34fnst3_Gc,밥 한 공기 밖에 못 먹는 남자의 당꽁김 먹방입니다!!,"Mar 1, 2024",840,3365,314.6865,-1,7914.442,41702,6.13
ugKzfqO0jVA,공간춘도전 먹방,"Nov 17, 2023",877,3356,340.2732,1,7181.003,42604,6.22
_O0muHwyP9E,야외 먹방 일기 초밥뷔페,"Jul 15, 2018",363,3352,156.2028,1,4646.138,46933,5.07
I70fl5DC8bU,두마리 같은 한마리 먹방입니다!!,"Apr 18, 2023",1137,3350,352.6291,4,7396.692,45780,5.75
vWIkNFvvs34,제육 맛있게 먹기 우유케이크 먹방,"Mar 4, 2025",683,3318,230.8284,1,5548.089,91613,2.75
HnmXhgwMJZc,별로 안 맵네요 롯데리아 미친만두 먹방,"Jun 30, 2023",638,3314,304.0419,2,6985.492,39047,5.28
qQvnwP8RlsE,1인분 피자 먹방입니다!!,"Oct 7, 2024",815,3309,297.8532,2,7057.736,50297,5.29
MFUm_RLBwKs,햄버거 5개 도전 먹방입니다!!,"Sep 3, 2023",854,3283,355.8214,2,8044.456,32065,7.2
smokRO2U7Bc,요리할 때 특,"Aug 31, 2024",43,3257,12.7478,0,414.782,9431,0.68
MLo_GlTIRiI,불보쌈 대짜 못먹는 남자의 불보쌈 먹방,"Aug 24, 2022",801,3215,347.1291,0,7893.945,32112,6.46
e93RgcBzeOo,야먹일 들기름메밀국수,"Aug 20, 2023",60,3204,29.4364,2,457.228,34350,3.88
HN3yrgVAZ3Y,알통팩치킨 먹방입니다!!,"Dec 7, 2022",893,3195,323.836,1,7224.89,32063,7.59
 -FGk5VppzCM,오래 연애하는 비결,"Apr 18, 2024",23,3177,11.1562,2,379.386,18283,4.7
hWBrliJYLv4,야외 먹방 일기 치즈돈까스,"Jan 6, 2019",203,3175,88.7742,2,3943.22,49867,4.92
0ezqa1wMfv0,호캉스가서 살 빼려고 했었다,"Oct 24, 2023",897,3162,378.7093,1,7523.259,42032,5.86
2sAMMeKpmLA,소통의 중요성 고추바사삭 먹방입니다!!,"Oct 3, 2023",827,3150,300.5429,0,5896.188,34117,7.39
hT3j1pl1H94,밥 한 공기만 먹을 거에요,"Sep 21, 2023",38,3147,17.9423,2,485.05,8691,2.5
VtQ2R0-9c1I,먹방 5년차이,"Feb 7, 2023",34,3141,15.4925,0,469.963,19212,5.92
y6wOGeUTJEw,내 귀에 고양이,"Jul 4, 2024",26,3135,14.7287,1,387.847,10309,8.5
ryIYdb3wUoc,비빔면은 살 안찜,"May 13, 2023",44,3134,19.7885,1,501.835,20599,4.33
W_LS01itiDI,엄마 사랑해 순대범벅 먹방입니다!!,"Dec 6, 2023",735,3123,285.6624,0,7104.77,30671,7.86
 -xTti_3nJM0,저는 매운 감각이 없는 사람입니다 매운쪽갈비 먹방,"Nov 4, 2021",957,3120,354.8692,0,8046.106,37003,5.49
N-uBQqC4fEs,야외 먹방 일기 돈까스,"Apr 29, 2018",177,3094,76.6975,1,3273.249,37889,5.66
KcBG3Xr6HRs,[용사] 지코바 치밥은 진리,"Jan 24, 2017",1129,3076,89.4419,6,3334.329,41628,6.08
3wTrbHDB5NY,풀은 살 안쪄 포케 먹방,"Jan 11, 2025",1009,3074,358.7011,1,7179.072,65374,3.29
z9Vp0afYok4,찜닭은 매워봤자 찜닭이다 매운찜닭먹방,"May 17, 2022",901,3071,272.2919,1,6454.023,32728,8
jOap9Z9EHL4,햇반 한 공기 제육볶음 먹방입니다!!,"Jun 3, 2023",750,3045,215.9605,0,5610.343,37579,6.99
guUJ2I5au9k,저 이제 편식하려구요 송주불냉면 먹방,"Aug 13, 2024",929,3022,290.9024,0,6846.1,38630,6.36
PurowH5YK8g,요리를 먹는 기분 맛피아햄버거 먹방,"Jan 19, 2025",750,3000,278.137,0,7280.134,74670,2.7
BodyRynJtro,신메뉴탐방기 살살치킨,"Mar 2, 2024",585,2994,120.084,3,5764.493,29988,8.74
Gu_NNuOVEMY,한국인이 제일 좋아하는 결말,"Nov 16, 2023",20,2992,10.4248,0,370.465,17754,6.04
_Lc2Tvyyr8Y,전 구워먹기,"Jan 27, 2025",594,2986,212.7823,1,5467.844,71389,3.4
3F7E7KWK0VM,좀 치네 핵짬뽕빵 먹방입니다!!,"Nov 30, 2023",684,2978,298.1621,0,6609.964,39990,4.45
cLTcxiOhXeY,료이끼덴카이,"Nov 28, 2024",858,2970,307.8278,2,6534.035,48713,4.1
AYK25EMVAI8,연어초밥 비교먹방,"Jul 1, 2024",872,2962,319.3321,0,6973.374,44554,5
7dO8Y1RRH44,아저씨폰,"Aug 29, 2024",27,2943,6.2946,1,214.525,8937,0.91
djZwgT6LWX4,짱구분장 짱구의 아침 먹방입니다!!,"Sep 1, 2020",573,2942,149.8844,-1,5573.451,33686,7.13
EKL_4VYCcjM,화가 나는 불막창 먹방,"Sep 7, 2022",769,2929,302.4576,0,6778.825,28405,6.03
2MaDVd_ic50,청양치킨 먹방입니다!!,"May 13, 2023",762,2924,239.0886,1,5178.775,33064,6.51
2oabWAkKKHQ,강릉 가서 문어탕수육 먹기,"Dec 21, 2023",545,2923,260.0758,1,6040.439,38144,5.19
sMinwYsX7wc,한국식 포케 회덮밥 먹방입니다!!,"Jan 17, 2025",920,2914,339.7137,2,6933.71,64262,2.96
ECjLrbp2WB0,야외 먹방 일기 김밥집,"Sep 23, 2018",149,2886,59.5669,-1,3212.376,41311,5.23
NAIGDqkUfyw,하나도 안 매운데요 3단계 짱구떡볶이,"Jul 5, 2024",760,2877,271.167,1,6132.97,41146,5.35
1Szw_tvX1cQ,면은 화장실 갔다오면 없다 밀면 먹방,"Sep 27, 2023",677,2823,232.4378,1,5506.208,30378,7.34
X__nVZLEl-g,나 캡사이신 알러지 있는 듯 캡사이신라면 먹방,"Oct 21, 2024",803,2822,278.1045,-1,6237.838,41386,4.87
0O9soy0Bn6Y,고양이 풀 뜯어 먹는 소리의 마왕족발 먹방입니다!!,"May 8, 2023",898,2819,329.6662,0,6471.812,29532,6.82
upxYosb9wHw,야외 먹방 일기 뼈다귀해장국,"Mar 18, 2018",142,2810,54.1861,2,2835.477,36229,5.15
xbD8CKSq01g,야외 먹방 일기 코스요리,"Oct 13, 2019",379,2791,134.4053,0,3960.998,37128,5.02
dtt7V4rBIfk,많이는 안 먹고,"May 10, 2023",39,2789,15.7864,1,429.391,10001,6.17
MQ05cqwz85w,?????????????????????,"Feb 17, 2020",1660,2783,86.1659,2,3082.218,40662,5.28
jxbXcz244PM,취미는 줄이는 게 아니다 치킨마요에 맥주 한 잔,"Oct 11, 2024",752,2753,231.7688,0,5507.943,44207,5.01
zvKWJkdlSrQ,개구쟁이 비싼 회덮밥 먹방입니다!!,"Feb 3, 2024",986,2739,396.9139,0,7464.147,27277,4.38
2pGE_56q95Q,나눔의 즐거움,"May 15, 2024",50,2717,16.3501,0,327.802,8937,2.19
FzKWndY8O3w,죄송합니다 마라로제찜닭 먹방,"Jul 14, 2023",905,2707,247.3215,3,6422.356,30070,7.28
VAIpZ5tI09Y,매운 연기 맵부심치킨 먹방입니다!!,"Jul 21, 2021",574,2705,193.4888,1,5482.634,30095,7.21
Nx3_x9PR8ds,애기병진의 파닭 먹방,"Sep 5, 2024",783,2703,177.3651,1,4372.583,35387,5.57
ClGu1z6-f54,라이스 페이퍼 떡볶이 맛,"Sep 8, 2023",23,2700,10.2138,0,369.616,14884,4.74
kaMVJ-X1UMM,햄치즈토스트 한개 먹방,"Apr 11, 2023",25,2698,12.2364,0,376.348,16677,3.55
A2bJAhGwCgA,과하게 안 먹는 법,"Apr 26, 2023",44,2684,12.0468,1,375.612,9279,4.71
gwP8Fi5UqQ8,[용사] 라면은 정기적으로 먹어줘야합니다!! 열라면먹방!!,"Apr 27, 2016",925,2680,106.9782,3,3296.156,29938,7.5
R5JP1C7PzuA,김밥 비빔밥,"Jun 6, 2024",48,2666,17.6277,1,363.395,17464,4.81
x8aJJgeTarg,캡사이신돼지국밥 먹방입니다!!,"Dec 6, 2024",959,2658,323.3706,0,6559.466,50757,3.86
_-ndb_ksd2I,야외 먹방 일기 제육볶음,"Jan 13, 2019",195,2641,73.7292,0,3167.112,28999,6.82
IhnVntBmDpU,다이어트 자퇴했습니다 피시엔칩스 먹방,"Dec 19, 2023",828,2632,266.9972,1,5874.375,25425,7.98
OYYgxlc9Iw8,한 끼도 안 먹은 사람,"Jul 30, 2023",14,2607,5.9123,0,253.234,12087,2.28
0MNAkYA4U1o,야외 먹방 일기 만화카페,"Jun 17, 2018",225,2576,82.5168,0,2743.69,32559,5.72
e2SKVLp4dmo,추억의 군대 냉동 먹방입니다!!,"May 12, 2020",670,2571,131.5921,1,8421.478,26591,8.04
wDs4dTHBE2E,[용사] 김치컵라면으로 ASMR 을 해보았습니다.,"Oct 11, 2016",806,2567,77.4293,2,2292.491,31337,5.62
znWPS6JXtD8,저 이제 덜어먹습니다 부대찌개 풀코스 먹방,"Feb 7, 2024",856,2565,297.2037,1,6080.386,26649,6.25
nJjsETBXCtQ,삼삼데이 삼겹살 먹방,"Mar 3, 2024",799,2563,233.5576,0,5515.524,30516,6.41
UopqclkdksM,야외 먹방 일기 화로구이,"Jun 24, 2018",203,2529,71.5692,1,2640.89,34651,4.86
s6_iOPjYoDE,대전에서 성심당케이크 먹방,"Nov 27, 2024",865,2527,226.7236,0,4899.679,47003,3.94
9xARplWmE7Q,먹방계의 간판의 닭꼬치 맥주 먹방,"Nov 26, 2023",906,2509,307.1644,1,5620.422,27925,6.07
hbfAVBxsYZc,도파민치킨,"Jun 11, 2024",923,2507,304.6947,1,6203.982,29692,5.33
YQtratcxbeU,어린이 병진이는 비빔면 두봉밖에 못 먹어 먹방,"May 5, 2023",695,2491,210.8853,0,5279.644,31756,6.54
NfKUFIwN6to,철들면 특,"Aug 12, 2024",30,2488,8.8418,0,260.951,7981,0.66
os5Dd-amLd0,풀은 살 안쪄 샌드위치 먹방,"Jan 7, 2025",1011,2466,316.3694,0,5995.482,64002,2.85
lUH6HQODW20,라죽장인,"Mar 12, 2023",54,2459,21.8642,1,348.919,15816,5.95
Lb9M9fOYqfI,코로롱 때문에 맵찔이가 됐습니다 지옥맛 튤립닭발 먹방,"Apr 21, 2022",959,2451,282.8296,-1,5882.067,34373,4.68
2itcw5yFoLE,점보비빔면 별거 없네요,"May 8, 2024",780,2445,230.0928,2,5205.624,32682,6.05
5vB2qFTYNAc,오빠막창 먹방입니다!!,"May 15, 2018",1689,2435,180.7764,0,6272.057,19778,6.68
TwHATaXuJtc,교촌 허니레드 반반 콤보먹방입니다!!,"Sep 28, 2019",851,2433,88.5106,0,3497.844,23667,9.19
x7eCSXoliv0,너무 커서 남긴 날 왕돈까스 버거 먹방입니다,"Mar 7, 2024",822,2430,254.8058,1,5410.578,30329,5.87
W25-lQOyJgk,생방송할 때 올라와줄레,"Mar 1, 2025",569,2426,125.6487,3,4616.53,76757,2.19
Eymr98GOFuI,짜글이밥,"Jun 6, 2023",57,2424,15.1559,0,368.834,16442,6.36
00MSO9BcdYk,중화비빔밥 VS 육회비빔밥 먹방,"Jun 3, 2024",870,2404,263.0308,1,5682.139,33062,5.57
4FyWTzxKGzs,버거킹에게 졌습니다,"Aug 7, 2024",53,2395,13.0758,0,318.306,7842,1.43
HTI40jyOziA,돌아온 추억의 볼케이노 치밥 먹방입니다!!!,"Sep 21, 2022",811,2395,214.1045,3,5033.4,27485,7.2
SZS6AYthrB8,새해 복 많이 받으세요 떡국 먹방,"Jan 21, 2025",600,2388,159.1234,2,3885.666,65785,2.45
Ayye9rWF6bQ,덜어 먹을게요 중화비빔밥 크림새우 먹방입니다!!,"May 25, 2023",698,2384,192.1525,0,4629.145,22984,8.67
OT2jKmsnBBk,요즘 절식하고 있어요,"Jun 23, 2024",731,2381,208.3993,0,4878.013,26715,6.95
mnv-hPjXS4E,대패볶음 풀코스 먹방입니다!!,"Apr 8, 2023",817,2377,242.6133,1,5772.486,21685,8.65
4kejfhZRaN0,야외먹방일기 호박꽃마차,"Sep 23, 2023",286,2373,54.3167,3,2206.006,17365,6.21
OYQePCJ07Oo,스팸에 밥 스밥 먹방입니다!!,"Nov 3, 2023",755,2362,207.1726,1,4940.757,29915,6.96
eb-KV5gRcIc,엽떡 많이 약해졌네요 엽떡매운맛 먹방,"May 2, 2022",883,2362,237.2144,0,5743.41,26936,7.16
NA8ryOkkPYo,양념치킨 특,"Jul 30, 2024",27,2361,9.2391,0,250.273,9695,2.41
K1gUTUS4jnw,피자도 먹는 김치떡국 먹방입니다!!,"Jan 16, 2024",750,2338,228.7634,0,5327.384,25283,6.85
MqvgN2rcctM,야외 먹방 일기 초밥,"Apr 1, 2018",181,2335,56.4485,0,2457.059,29451,4.31
srofYuDjN_c,밥 먹을 때 우는 고양이,"Mar 29, 2024",24,2328,8.0994,0,274.352,14784,4.22
tzoh7ipRYKk,매워서 땀 흘리면 제로칼로리 매운치킨 먹방,"Jul 23, 2024",804,2327,166.6709,0,3934.105,39582,4.67
yj42k9g87Mg,야외 먹방 일기 홍익돈까스,"Oct 14, 2018",210,2318,70.2171,0,2669.217,31612,5.48
VJ4-TFTQeT8,저렴한 초밥 먹방입니다!!,"Nov 12, 2024",770,2311,222.0536,0,4611.705,43014,3.97
l-lVucjHzzs,핵이득 스지폭탄전골 먹방입니다!!,"Dec 23, 2024",790,2307,210.4714,1,4533.329,50183,3.05
6BdawXdX1s4,매운갈비찜 샤워 먹방입니다!!,"Aug 4, 2021",681,2279,198.1133,0,4122.992,25625,6.62
DQL_znl7T4s,안다이어트 일주일 브이로그,"Jan 2, 2023",775,2278,258.7379,2,5261.725,21888,5.71
cjpy3itIYT8,시청자분 집에서 김치찌개해먹기,"Apr 13, 2024",838,2275,203.1929,0,5949.755,12172,3.39
8Fo8kzcy3II,무생채비빔밥,"Nov 19, 2024",437,2271,117.4863,1,3852.323,40014,4.62
Lr9nmrDbRLk,밥 조금만 먹겠습니다 블랙라벨슈프림치킨 먹방,"Dec 8, 2022",528,2266,120.0103,0,4535.098,23019,8.73
DyUybQE0rfc,상위 3% 매운맛 마라탕 먹방입니다!!,"Oct 31, 2022",621,2265,186.3524,1,4642.699,30203,5.16
oi2StNh1vM0,저 1인분밖에 못 먹어요,"Nov 8, 2024",704,2252,188.0143,0,5209.066,40600,4.33
1n-CXJaLtqA,데이트꿀팁 양식 먹방입니다!!,"Oct 10, 2023",811,2246,251.2659,0,5597.497,21721,7.75
3CQNEpneVFY,요즘 젊은 애들은 이렇게 먹는다던데 마라탕후루 먹방,"Dec 29, 2023",910,2236,260.0884,0,5282.099,25756,5.54
W23zNfalor4,BBQ 신메뉴 4종 먹방입니다!!,"May 2, 2020",489,2236,68.7114,3,2697.022,36957,4.65
OsRWfjiIgNs,햄버거 두 개 먹방입니다!!,"Oct 27, 2022",692,2233,157.6543,1,4345.826,28936,6.63
r3c_1stYQXw,곱창볶음밥,"May 26, 2023",55,2232,14.2717,1,294.709,6851,4.54
QRQCsfCoOtM,다이어트는 새해부터 짜파게티 먹방입니다!!,"Jan 5, 2023",805,2230,174.9158,2,4520.09,23193,7.92
LZOcVD22y_Y,방지턱데이 점보도시락 먹방입니다!!,"Jun 13, 2023",929,2220,239.3815,0,5246.261,39230,4.09
ihFeueuaCt4,물은 제로칼로리,"Aug 5, 2024",30,2206,6.9664,0,267.659,7333,0.78
QhmIi9rTa_Y,편의점 야식먹방입니다!!,"Aug 20, 2019",601,2200,109.4138,1,3015.737,25883,6.83
wEsmYLg7iK0,밥 두 공기만 먹어도 배부르게 생긴 사람의 부대찌개 먹방,"May 13, 2022",773,2194,168.8264,1,3971.032,24790,7.28
CAU8_GhaBPo,내가 햄버거 하나만 먹는 이유 뉴와퍼 먹방,"May 14, 2024",934,2190,275.9559,2,5773.496,34744,4.18
VEqPgdcZmgY,절반씩 먹으면 반쪽이 된다 버거 먹방,"Jan 31, 2025",759,2182,210.0418,2,5096.562,66241,2.12
IPDfCoZAjTg,사라진 나의 눈썹 한달성장기,"Apr 3, 2020",66,2177,20.6126,1,3405.995,7820,25.29
d0tqwmzgE7g,닭갈비볶음밥,"Oct 17, 2023",58,2170,14.7617,1,274.133,16232,4.52
Ti3yFJLu1rI,오랜만에 추억의 혜자도시락 먹방입니다!!,"Nov 19, 2023",597,2167,133.0485,1,3984.108,25385,6.62
9JgZu0keKCw,메뉴판에 있는 거만 먹겠습니다 원팬파스타 먹방입니다!!,"Aug 9, 2023",953,2143,278.9984,0,5240.574,22164,7.27
PXhXEAX-T6s,나락,"Apr 14, 2023",40,2138,12.5698,0,332.796,17315,5.77
2OamFm4HW6M,고양이는 못말려 삼겹살 먹방입니다!!,"Apr 7, 2023",812,2136,201.4328,1,4607.964,24019,6.52
Q_sXfPujr5E,야외 먹방 일기 텐동,"Sep 16, 2018",235,2136,71.4709,0,2138.535,33202,4.43
2eVRj3sKrq0,제육 저탄고지,"Aug 1, 2024",31,2133,6.7617,0,208.047,7345,1.25
mDfXRerpo5o,매워 죽어요. 송주불냉면 먹방입니다!!,"Jun 26, 2018",1025,2120,164.4957,0,6297.946,26536,6.15
uK99E1tYios,짜파게티 vs 불닭볶음면,"Jul 9, 2024",611,2111,151.9932,1,4171.324,28477,5.35
Q9zlRAOYAX8,빙수 먹방인데 카레 먹어서 죄송합니다,"Jan 22, 2024",752,2108,192.8434,-1,4777.952,24179,6.96
 -CwMYYpTFUo,합리적인 오코노미야끼 먹방입니다!!,"Oct 18, 2023",661,2107,180.4727,0,4307.569,20872,7.43
aNxm3JDynSI,라면 면만 먹으면 얼마나 먹을수 있을까?? 라면 먹방입니다!!,"Oct 10, 2019",609,2099,94.7766,0,3204.653,29135,6.11
qwkDl-bD1P4,입맛이 없네요 순살아구찜 먹방입니다!!,"Aug 31, 2023",628,2097,134.413,3,3737.807,25815,6.9
Ll1myYKggE4,조금 맵네요 뱀파이어 치킨 먹방입니다,"Oct 21, 2019",727,2094,138.4823,1,4890.674,25256,6.87
2zQy-o8CUaM,술도둑 미친꼬리족,"Oct 17, 2024",820,2093,193.2655,1,4181.181,29140,5.18
7yoVcxGTlRQ,한국식 샐러드 먹방,"Mar 5, 2024",51,2090,20.2403,1,273.675,11381,3.39
Qs5U37SeEcw,고장난 고양이,"Jun 24, 2024",11,2087,3.1702,0,163.582,5888,6.17
Hn1CGIA-Yb8,돈까스 도시락만 먹어요,"Sep 15, 2023",29,2078,9.2181,1,262.647,13704,2.09
LS0OzqcmtEs,저 도나스도 좋아합니다,"Jul 17, 2024",606,2077,168.046,2,4109.889,28929,5
LtB-gDd-yAA,[용사] 신나는 교촌 레드콤보 먹방입니다!!,"Jun 28, 2017",1761,2074,79.4803,2,2454.495,22574,7.54
02ce-TK_244,핵이득 숯불양념치킨 먹방입니다!!,"Dec 9, 2024",800,2073,178.3014,0,4103.87,44361,3.23
x7V9ZgadbzU,오늘 좀 대식하는 느낌 감자떡볶이 먹방입니다!!,"Apr 11, 2023",793,2068,224.971,0,4469.399,18210,8.43
0p-n--mjLqY,"본의 아니게 1,000칼로리 다이어트 먹방","Jul 7, 2024",832,2066,206.7926,0,5369.792,27763,5.26
JCJAC6UGGCY,솔직히 이 정도면 2인분 메밀소바 먹방,"Sep 11, 2024",686,2046,180.9416,1,4065.197,31925,4.96
7pRSqOUnmds,야외 먹방 일기 막창,"Jul 29, 2018",246,2045,63.9758,0,2207.849,25409,4.9
ZLLRTnMZIuw,라면 빌드업,"Nov 14, 2024",692,2040,180.6797,0,4313.438,36585,3.76
XdxTnvDnTpM,혼자먹기 아까운맛 미친만두 먹방입니다,"Feb 24, 2022",736,2027,172.967,0,3901.642,24671,6.99
ARAQyZcEiXs,일본게 코스요리 먹방[삿포로여행 1],"Jan 25, 2023",1083,2005,269.4601,1,5072.821,19182,7.25
7cOLLowio-I,그루밍 대신해주기,"Jun 30, 2024",23,1988,5.1728,0,174.303,6113,5.89
MSasYdW5gFs,호캉스,"Oct 18, 2022",555,1988,169.8023,0,4617.957,21989,6.61
ftDUbDhMeHM,감기에는 순두부찌개,"Oct 19, 2024",893,1975,225.1758,0,4991.453,37663,3.88
yesJ9uRBbYY,야외 먹방 일기 기리돈가스,"Jun 2, 2019",303,1968,83.4137,3,2484.862,25998,5.37
xtMimCM-uXo,저 이제 많이 안 먹습니다 콩나물김치라면 먹방입니다!!,"Nov 9, 2021",882,1967,200.3081,2,5300.237,20175,7.52
YDbyxt5k_ho,나는 애볐다 추석음식 먹방입니다!!,"Oct 8, 2023",758,1959,195.8794,1,4863.295,24290,5.88
X_lr4JgGFwM,일본에서 라면 끓여먹기,"Apr 21, 2024",692,1938,210.7703,1,4411.039,31860,3.83
bsf2lE-1NQc,햄버거 건강하게 먹기,"Aug 3, 2024",55,1938,10.1473,0,242.486,7331,0.6
fhqJjo6w4is,마른비만의 치킨 한 마리 도전 먹방,"Aug 9, 2022",854,1936,166.5896,1,3808.053,20183,7.7
cCXkWZt4t6s,말라깽이 전용 곱창전골,"Sep 23, 2024",846,1934,212.7365,1,4806.691,30279,4.66
dZFROcU5O1s,내가 먹방을 시작한 이유 김치솥밥먹방입니다!!,"Jun 29, 2023",725,1921,174.5382,2,4098.159,19672,7.47
VuWtoNlLUAU,통영 호캉스,"Sep 21, 2023",448,1912,153.6312,3,4353.91,27615,4.7
eucBT7Ah2FU,비빔밥 vs 돼지국밥,"Jul 14, 2024",43,1912,9.7503,0,269.194,9817,1.86
2TXVpUQBuY0,돼지 특,"Aug 18, 2023",33,1907,8.2714,0,266.991,4683,2.24
9XWKUMtq66E,돈까스 도시락만 먹을 거에요!! 돈까스 먹방,"Aug 29, 2023",763,1906,183.8408,0,3663.161,25396,5.71
pKksdLmfMVc,요즘 유행하는 식사법,"Jul 24, 2024",41,1906,10.9437,0,225.715,6092,2.5
xxbjH2Y9bA0,퐉스병진의 막창 먹방입니다!!,"Mar 30, 2023",966,1899,229.9345,0,4988.035,19976,6.27
vbqnaVB20aA,토핑가득 노모어피자 먹방입니다!!,"Jul 20, 2023",652,1894,71.4415,1,2531.96,21199,7.76
PSQdcUaddmg,치킨강정 더블팝치킨 먹방입니다!!,"May 3, 2023",834,1890,164.0858,1,4047.561,17175,8.64
g7nEofc7KTI,최근 신메뉴중 최고 남해마늘바사삭치킨 먹방,"Nov 21, 2022",778,1873,92.8584,1,3237.253,16252,10.34
cDjEmotyYas,신라면 더 레드 라죽,"Oct 13, 2023",58,1863,14.9358,0,256.084,15835,4.57
vsQMrkLv5AU,저 밥 한 공기만 먹어요 스팸감자짜글이 먹방입니다!!,"Jun 2, 2023",836,1862,187.1044,0,4177.57,22389,6.33
261VgDg8xt0,맛있는데 아쉬운 치킨 먹방입니다!!,"May 16, 2024",750,1855,149.9592,0,4020.349,24205,6.34
E3fozRKmE68,곱창전골 풀코스 먹방입니다!!,"Aug 16, 2023",753,1841,180.9247,1,7657.677,19319,6.38
8BbJKQ0j0ao,피쉬엔 칩스 맛,"Feb 24, 2024",10,1834,3.4653,0,216.584,8984,5.74
HXr7GTiJuAE,파김치에 카레 미쵸따 카레 먹방입니다!!,"Aug 21, 2023",647,1826,124.5413,2,3400.569,23459,6.54
L3rSmbqXdyE,나는 물만 먹어도 찌는 타입이다 만두 먹방,"Dec 4, 2023",460,1823,104.7161,0,3026.581,19506,7.68
NNx5bGsmqhY,시청자를 앞세워 마음대로 방송해서 죄송합니다 카스테라 우유 먹방,"Aug 8, 2023",571,1818,137.5726,1,3680.414,18140,8.25
WroQ4W_Fv0A,식상한 메뉴 김치볶음밥 먹방입니다!!,"Dec 13, 2022",814,1811,144.3664,0,3342.934,18278,8.42
KOXjOHOM_7g,양푼이참치스팸삼겹살날치알덮밥 먹방입니다!!,"Dec 6, 2022",876,1807,209.4811,1,4148.26,15224,9.25
EsScaQRmga0,골라먹는 치킨,"Jun 25, 2024",1077,1804,265.2487,2,4528.971,28658,3.63
KHKA1GUAqRw,플러팅 지존의 바지락순두부찌개 먹방,"Jul 27, 2023",1010,1793,271.5528,0,5495.123,17774,6.06
상위 500개 결과 표시
